{"Config":{"Transparency":0.25,"BackgroundColor":[0.625,0.1111110970377922,0.1411764770746231,"Color3"],"TextColor":[0.6190476417541504,0.05982905626296997,0.9176470637321472,"Color3"]},"CommandBar":{"Transparency":0.25,"BackgroundColor":[0.625,0.1111110970377922,0.1411764770746231,"Color3"],"TextColor":[0.6190476417541504,0.05982905626296997,0.9176470637321472,"Color3"]},"CommandList":{"Transparency":0.25,"BackgroundColor":[0.625,0.1111110970377922,0.1411764770746231,"Color3"],"TextColor":[0.6190476417541504,0.05982905626296997,0.9176470637321472,"Color3"]},"Notification":{"Transparency":0.25,"BackgroundColor":[0.625,0.1111110970377922,0.1411764770746231,"Color3"],"TextColor":[0.6190476417541504,0.05982905626296997,0.9176470637321472,"Color3"]},"Background":{"Transparency":0.25,"BackgroundColor":[0.625,0.1111110970377922,0.1411764770746231,"Color3"],"TextColor":[0.6190476417541504,0.05982905626296997,0.9176470637321472,"Color3"]},"ChatLogs":{"Transparency":0.25,"BackgroundColor":[0.625,0.1111110970377922,0.1411764770746231,"Color3"],"TextColor":[0.6190476417541504,0.05982905626296997,0.9176470637321472,"Color3"]}}